INSERT INTO services (id, title, price, info)
VALUES (1,
        'Консультация врача-косметолога',
        '35,00 BYN',
        ''),
       (2,
        'Химический пилинг лица поверхностный',
        '56,44 BYN',
        ''),
       (3,
        'Химический пилинг лица срединного уровня (ТМС 3+action)',
        '150,50 BYN',
        ''),
       (4,
        'Ультразвуковой SMAS-лифтинг лица (средняя и нижняя треть лица+подбородок+ лоб)',
        '1300,00 BYN',
        ''),
       (5,
        'Фотолечение (сосудистых, пигментных образований и возрастных изменений) кожи лица',
        '196,00 BYN',
        ''),
       (6,
        'Фотофракционное омоложение кожи лица',
        '496,51 BYN',
        ''),

       (7,
        'Консультация врача-стоматолога',
        '35,00 BYN',
        ''),
       (8,
        'Лечение зубов',
        'от 20 BYN',
        ''),
       (9,
        'Лечение пульпита и периодонтита',
        'от 65 BYN',
        ''),
       (10,
        'Реставрация зубов',
        'от 45 BYN',
        ''),
       (11,
        'Шинирование зубов',
        'от 50 BYN',
        ''),
       (12,
        'Профессиональная гигиена полости рта',
        'от 95 BYN',
        ''),

       (13,
        'Приём первичный врача-кардиолога первой категории',
        '39,00 BYN',
        ''),
       (14,
        'Приём повторный врача-кардиолога первой категории',
        '35,00 BYN',
        ''),
       (15,
        'Приём врача-кардиолога, доцента, кандидата медицинских наук',
        '45,00 BYN',
        ''),
       (16,
        'Приём первичный врача-кардиолога высшей квалификационной категории',
        '55,00 BYN',
        ''),
       (17,
        'УЗИ сердца c высококачественной визуализацией на аппарате экспертного класса Philips Affinity 50',
        'от 45 BYN',
        ''),
       (18,
        'Электрокардиограмма в 12-ти отведениях без функциональных проб с расшифровкой',
        '20,00 BYN',
        '');

INSERT INTO specialties (id, title, url, info)
VALUES (1,
        'Дерматология',
        'dermatology',
        'Лечение акне при помощи современных аппаратных методик и в комплексе с медикаментозной терапией. Лазерное лечение акне в Минске набирает все большую популярность. Это современная и безопасная процедура, дающая великолепный результат. Всего несколько кратковременных сеансов без госпитализации и больничного – и ваше лицо снова чистое и здоровое!'),
       (2,
        'Стоматология',
        'dentistry',
        'Приём ведут профессиональные стоматологи первой и высшей категории. Современная стоматология в Минске без боли и стресса, без космических цен и длительных очередей, без риска и негатива – это медицинский центр «DS Clinic». У нас работают профессиональные стоматологи первой и высшей категории, используется новейшее медицинское оборудование для диагностики и лечения.'),

       (3,
        'Кардиология',
        'cardiology',
        'Кардиолог — самый главный врач для вашего сердца. Медицинская статистика констатирует высокую смертность от различных заболеваний сердца. Болезни органа становятся причиной каждого третьего летального исхода. Современная кардиология располагает возможностью проводить качественное лечение. Но обращаться к врачу необходимо как можно раньше, чтобы выявить патологию на начальном этапе, блокировать ее развитие. Если вам нужен высококвалифицированный кардиолог в Минске, качественную помощь вам окажут специалисты центра «DS Clinic».
При необходимости обеспечивается взаимодействие специалистов разного профиля для эффективного лечения.');

INSERT INTO specialties_services (specialty_id, services_id)
VALUES (1, 1),
       (1, 2),
       (1, 3),
       (1, 4),
       (1, 5),
       (1, 6),
       (2, 7),
       (2, 8),
       (2, 9),
       (2, 10),
       (2, 11),
       (2, 12),
       (3, 13),
       (3, 14),
       (3, 15),
       (3, 16),
       (3, 17),
       (3, 18);


INSERT INTO doctors (id, first_name, last_name, specialty_id, info, image_id)
VALUES (1, 'Светлана', 'Якубовская', 1,
        'Врач-дерматолог, автор блога @sovetydermatologa в Instagram, sovetydermatologa в Telegram, ведущая программы о здоровье на телевидении.',
        'sj.jpg'),
       (2, 'Владимир', 'Крумкачев', 1,
        'Врач-дерматолог высшей квалификационной категории. Доцент, кандидат медицинских наук.',
        'vk.jpg'),
       (3, 'Татьяна', 'Шавела', 2,
        'Врач-челюстно-лицевой хирург, имплантолог, высшей квалификационной категории, кандидат медицинских наук, доцент.',
        'ts.jpg'),
       (4, 'Анастасия', 'Джалилова', 2,
        'Врач-стоматолог-терапевт 1-й квалификационной категории.',
        'aj.jpg'),
       (5, 'Ренад', 'Тетрадзе', 3,
        'Заведующий отделением сердечно-сосудистой и интервенционной кардиологии, врач-кардиолог, доктор медицинских наук.',
        'rt.jpg');

-- INSERT INTO users (id, name, username, email, phone, password)
-- VALUES (1, 's','s', 's', 's','s');



